Number,path
1,https://drive.google.com/file/d/1M4s0aEq1rR6lHCQQ9CQs1qgZ6LdTJChH/preview
2,https://drive.google.com/file/d/1R9vVlQFPGc9fWbVYMNSzLrBiGS4zKmJA/preview
3,https://drive.google.com/file/d/1f0E26r8eOcxThAc9moHzJqWaOGDeVm1a/preview
4,https://drive.google.com/file/d/17L4ly6icEGTfmKQ0AUnFER03PK4XAV4c/preview
5,https://drive.google.com/file/d/1rbKSz5JOilBEqnT86lM86ADJOAXKGKMm/preview
6,https://drive.google.com/file/d/1tjDmujXBQux-I_xLNiomQIiWOKHfPQ6A/preview
7,https://drive.google.com/file/d/1NGCpf3juYJm6TaOMZsz370BZIVeOSHbN/preview
8,https://drive.google.com/file/d/16-S44jDJ2YSz3HxPMq2BqTveTdLcZF7m/preview
9,https://drive.google.com/file/d/1DEH54ML1tDON15P4cfeTZ3gedt3TGvsX/preview
10,https://drive.google.com/file/d/1_v4wdyAdaCAeNLRbGUZXJ-14XQLPsIqw/preview
11,https://drive.google.com/file/d/1oakKjMij72MotUoPhpG2yd5o83uU-zPQ/preview
12,https://drive.google.com/file/d/1obx4BXC-vB-LPl9wGxkElqk1-MaIY2ni/preview
